﻿department,request_year,total_requests,prev_year_requests,request_growth_pct,avg_days_to_close,prev_year_avg_days,closure_time_change_pct,closed_requests,closure_rate_pct
Aviation,2018,6,NULL,NULL,10.5,NULL,NULL,0,0
Aviation,2019,13,6,116.67,18.7,10.5,78.02,0,0
Aviation,2020,6,13,-53.85,12.7,18.7,-32.24,0,0
Aviation,2021,1,6,-83.33,69,12.7,444.74,0,0
City Clerks Office,2021,2,NULL,NULL,2,NULL,NULL,0,0
City Council,2021,3,NULL,NULL,77.7,NULL,NULL,0,0
City Managers Office,2018,1618,NULL,NULL,11,NULL,NULL,0,0
City Managers Office,2019,2205,1618,36.28,20,11,81.64,0,0
City Managers Office,2020,2242,2205,1.68,12.2,20,-38.82,0,0
City Managers Office,2021,713,2242,-68.2,5.2,12.2,-57.3,0,0
City Planning and Development,2018,1059,NULL,NULL,134.9,NULL,NULL,0,0
City Planning and Development,2019,1214,1059,14.64,80,134.9,-40.68,0,0
City Planning and Development,2020,1127,1214,-7.17,58.6,80,-26.78,0,0
City Planning and Development,2021,135,1127,-88.02,17.1,58.6,-70.77,0,0
Convention and Entertainment Center,2018,3,NULL,NULL,2,NULL,NULL,0,0
Convention and Entertainment Center,2019,5,3,66.67,4.4,2,120,0,0
Convention and Entertainment Center,2020,5,5,0,0.4,4.4,-90.91,0,0
Convention and Entertainment Center,2021,4,5,-20,1.3,0.4,212.5,0,0
Finance,2018,102,NULL,NULL,10.2,NULL,NULL,0,0
Finance,2019,197,102,93.14,21.9,10.2,115.28,0,0
Finance,2020,99,197,-49.75,9.5,21.9,-56.88,0,0
Finance,2021,7,99,-92.93,4.3,9.5,-54.67,0,0
Fire,2018,46,NULL,NULL,16.9,NULL,NULL,0,0
Fire,2019,36,46,-21.74,12.8,16.9,-24.15,0,0
Fire,2020,46,36,27.78,9.1,12.8,-29.32,0,0
Fire,2021,7,46,-84.78,3.7,9.1,-59.03,0,0
General Service,2018,49,NULL,NULL,66.4,NULL,NULL,0,0
General Service,2019,37,49,-24.49,90.9,66.4,36.86,0,0
General Service,2020,43,37,16.22,134.7,90.9,48.21,0,0
General Service,2021,13,43,-69.77,8.3,134.7,-93.88,0,0
Health,2018,3165,NULL,NULL,11.9,NULL,NULL,0,0
Health,2019,3717,3165,17.44,18.4,11.9,55.3,0,0
Health,2020,7794,3717,109.69,11.6,18.4,-37.01,0,0
Health,2021,1008,7794,-87.07,8.1,11.6,-30.25,0,0
Human Resources,2021,1,NULL,NULL,10,NULL,NULL,0,0
Information Technology,2020,2,NULL,NULL,191.5,NULL,NULL,0,0
Information Technology,2021,3,2,50,80.5,191.5,-57.96,0,0
KCPD,2018,3420,NULL,NULL,3.5,NULL,NULL,0,0
KCPD,2019,4316,3420,26.2,3.2,3.5,-9.28,0,0
KCPD,2020,3668,4316,-15.01,6.5,3.2,104.34,0,0
KCPD,2021,588,3668,-83.97,8.7,6.5,33.9,0,0
Mayors Office,2020,26,NULL,NULL,167.7,NULL,NULL,0,0
Mayors Office,2021,11,26,-57.69,39.2,167.7,-76.63,0,0
Municipal Court,2020,235,NULL,NULL,5.3,NULL,NULL,0,0
Municipal Court,2021,136,235,-42.13,0.6,5.3,-87.73,0,0
NHS,2018,66773,NULL,NULL,52.4,NULL,NULL,0,0
NHS,2019,83081,66773,24.42,41.7,52.4,-20.41,0,0
NHS,2020,57554,83081,-30.73,27.4,41.7,-34.18,0,0
NHS,2021,8684,57554,-84.91,13,27.4,-52.72,0,0
Northeast,2020,35,NULL,NULL,45.8,NULL,NULL,0,0
Northland,2018,1336,NULL,NULL,30.3,NULL,NULL,0,0
Northland,2019,2430,1336,81.89,26.1,30.3,-13.74,0,0
Northland,2020,4166,2430,71.44,27.3,26.1,4.75,0,0
Northland,2021,134,4166,-96.78,28.1,27.3,2.77,0,0
Parks and Rec,2018,7239,NULL,NULL,14.1,NULL,NULL,0,0
Parks and Rec,2019,9831,7239,35.81,18.1,14.1,28.62,0,0
Parks and Rec,2020,6863,9831,-30.19,19.1,18.1,5.34,0,0
Parks and Rec,2021,323,6863,-95.29,20.2,19.1,5.95,0,0
Public Works,2018,20735,NULL,NULL,7.6,NULL,NULL,0,0
Public Works,2019,38848,20735,87.35,28.3,7.6,270.76,0,0
Public Works,2020,24634,38848,-36.59,16,28.3,-43.43,0,0
Public Works,2021,3893,24634,-84.2,13,16,-18.67,0,0
South,2019,203,NULL,NULL,48.3,NULL,NULL,0,0
South,2020,102,203,-49.75,37.9,48.3,-21.47,0,0
South,2021,4,102,-96.08,19,37.9,-49.91,0,0
Water Services,2018,18729,NULL,NULL,17,NULL,NULL,0,0
Water Services,2019,19888,18729,6.19,16.6,17,-2.42,0,0
Water Services,2020,17259,19888,-13.22,13.3,16.6,-19.72,0,0
Water Services,2021,4013,17259,-76.75,12.5,13.3,-6.32,0,0
