﻿department,category1,request_count,avg_days_to_close,max_days_to_close,top_10_pct_slowest_count,pct_in_slowest_10
NHS,Data Not Available,610,1417.9,4525,588,96.4
NCS,Weeds,4800,1019.4,1839,4781,99.6
NHS,Government,394,564.5,3826,242,61.4
City Planning and Development,Signs,257,280.7,1381,175,68.1
City Planning and Development,Vehicles,283,204.6,1056,174,61.5
NHS,Property,54914,198.2,4183,20269,36.9
NHS,Property & Nuisance Violations,20446,187.4,3318,8101,39.6
NHS,Mowing,28511,187.1,4188,11685,41
NHS,Property Violations,133540,180.2,4054,55895,41.9
NHS,Vehicles,8694,161.6,3416,3262,37.5
NHS,Trees,4142,150.4,2501,1534,37
City Planning and Development,Property,5259,129.4,2142,1833,34.9
City Managers Office,Water Leak,103,103.5,645,31,30.1
Water Services,Water Services,5839,99.4,1476,1685,28.9
NHS,Weeds,1592,98.6,1472,624,39.2
NHS,Nuisance Violations,35695,93.2,2197,8676,24.3
Public Works,Sweeping,124,87,442,33,26.6
NHS,Graffiti,1771,84.4,1141,384,21.7
General Service,City Facilities,167,82.6,437,44,26.3
City Managers Office,Water Services,102,82.2,201,42,41.2
Parks & Rec,Trees,296,79.4,300,50,16.9
City Managers Office,City Managers Office,1135,78,987,248,21.9
City Planning and Development,Zoning,3803,74.8,3595,737,19.4
City Planning and Development,Permit,1978,68.3,3582,267,13.5
Water Services,Water Leak,70567,52.8,1216,10462,14.8
Water Services,Water Quality,5096,48.4,1008,504,9.9
General Service,Facilities,180,46.7,621,22,12.2
South,Property,304,44.6,386,29,9.5
Water Services,Sewer,19268,42.7,1445,2012,10.4
Public Works,Markings,589,42.6,511,41,7
Water Services,Capital Projects,4186,39.8,501,187,4.5
City Planning and Development,City Planning & Development,368,38.8,729,32,8.7
Parks and Rec,Park Maintenance,329,37.7,699,17,5.2
Public Works,Mowing,3341,36.9,283,66,2
City Managers Office,Trees,160,34.7,645,9,5.6
Parks and Rec,Weeds,3826,31.5,417,332,8.7
City Managers Office,Sewer,212,28.9,380,11,5.2
Public Works,Guard Rail,141,28.2,442,8,5.7
City Managers Office,Sidewalks,429,27.9,84,0,0
NHS,Trash,260554,27.8,4396,12189,4.7
Northland,Property,8426,27.6,1182,189,2.2
Public Works,Street Sign,10908,26.8,745,360,3.3
NHS,Bulky Appointment,26764,26.6,336,2,0
Public Works,Sealing,420,25.9,274,12,2.9
Public Works,Storm Water,1302,25.1,543,43,3.3
City Managers Office,Public Safety,2062,25,411,60,2.9
City Managers Office,Street Light,164,24.2,190,13,7.9
Public Works,Bridge,454,23.7,577,13,2.9
Public Works,Capital Projects,492,21.7,147,5,1
City Managers Office,Maintenance,174,21.1,442,5,2.9
Parks and Rec,Parks & Recreation,7048,20.9,438,122,1.7
Public Works,Streets,71047,20.8,595,1309,1.8
City Managers Office,Signs,863,20.8,99,0,0
City Managers Office,Storm Water,277,20.3,278,16,5.8
Parks and Rec,Mowing,1737,20.1,547,17,1
Water Services,Storm Water,44008,20,871,1323,3
Parks and Rec,Trees,69035,19.7,744,859,1.2
Public Works,Maintenance,10273,19.6,731,248,2.4
NHS,Neighborhood & Community Services,1394,19.3,407,80,5.7
Public Works,Ditch,2746,19.2,398,56,2
Public Works,Graffiti,1164,19.2,542,37,3.2
Public Works,Weeds,1498,18.8,369,11,0.7
Parks and Rec,Sidewalks,306,18.4,173,3,1
City Managers Office,Weeds,147,18.1,253,3,2
Public Works,City Managers Office,665,17.7,152,10,1.5
Public Works,Sidewalk,3827,16.5,574,38,1
Public Works,Public Works,2120,16.4,874,34,1.6
Health,Animals,8637,15.9,473,45,0.5
NHS,Public Safety,207,15.3,343,1,0.5
Public Works,Snow & Ice,24042,15.1,531,3,0
Parks & Rec,Weeds,449,13.9,256,3,0.7
Finance,Capital Projects,660,13.7,210,14,2.1
Public Works,Sidewalks,9242,12.9,644,81,0.9
NHS,Property Preservation,255,12.7,698,9,3.5
Public Works,Cleaning,1710,12.7,931,13,0.8
Parks and Rec,Park,4095,12.4,644,42,1
Water Services,Streets,1794,12.3,461,24,1.3
Public Works,Permit,521,12,644,5,1
Health,Health,4813,11.5,3170,3,0.1
Health,Animal,5239,11.3,512,3,0.1
Public Works,Pothole,12479,10.8,658,89,0.7
City Managers Office,Trash,546,10.7,230,5,0.9
City Managers Office,Pothole,177,10.5,122,1,0.6
Health,Public Health,15784,10.4,385,141,0.9
Parks and Rec,Trash,1082,10.1,274,2,0.2
Public Works,Government,234,10,263,6,2.6
Public Works,Street,2152,9.8,1179,20,0.9
Public Works,Signs,15968,9.4,279,68,0.4
Fire,Public Safety,273,9.3,106,0,0
Public Works,Traffic Study,5515,8.6,385,34,0.6
Finance,City Managers Office,950,8.2,429,13,1.4
Water Services,Consumer Services,697,7.8,396,2,0.3
Water Services,Trash,6969,7.5,176,3,0
Water Services,Water,54322,7.3,596,74,0.1
NHS,Neighborhood Preservation,1010,7.2,994,2,0.2
City Managers Office,Government,3084,6.3,381,15,0.5
Fire,Fire,335,6.3,129,1,0.3
Parks and Rec,Lights,103,6.1,56,0,0
Public Works,Right of Way,2852,6.1,453,5,0.2
Health,Food Protection,2509,6,54,0,0
Public Works,Steel Plate,1604,5.7,1193,6,0.4
Public Works,Traffic Sign,4466,5.1,407,15,0.3
Public Works,Lights,26007,5,335,92,0.4
City Managers Office,Streets,1433,4.9,2996,1,0.1
Health,Air Quality,1095,4.8,106,0,0
KCPD,Vehicles,19421,4.3,412,10,0.1
Municipal Court,Public Safety,379,4.2,99,0,0
NHS,Animals,64916,3.8,908,197,0.3
Public Works,Signal,9486,3.3,434,20,0.2
Public Works,Trash,100301,3.2,992,138,0.1
Public Works,Vehicles,691,3.2,100,0,0
NHS,Vehicle,2017,3.1,196,1,0
Health,Noise Control,1265,3,61,0,0
KCPD,Vehicle,16911,2.8,371,19,0.1
City Managers Office,Signal,184,2.6,65,0,0
Public Works,Street Light,22026,2.1,292,7,0
NCS,Animal,1583,2,175,1,0.1
Housing Community Dev,Property Preservation,341,1.7,137,1,0.3
NHS,Animal,92030,1.4,525,14,0
NHS,Public Works,23043,1.4,369,4,0
Public Works,Downtown Parking,2347,1,99,0,0
