﻿department,quarter,month,request_count,dept_avg_monthly,deviation_from_avg,avg_closure_days
Aviation,1,January,2,2,0,16.5
Aviation,1,February,3,2,50,29.66666667
Aviation,1,March,2,2,0,35
Aviation,2,May,2,2,0,7.5
Aviation,2,June,1,2,-50,28
Aviation,2,April,6,2,200,27.16666667
Aviation,3,August,1,2,-50,21
Aviation,3,September,2,2,0,3
Aviation,4,December,4,2,100,4
Aviation,4,October,3,2,50,3.333333333
City Clerks Office,1,February,2,2,0,2
City Council,1,February,2,1,100,82
City Council,1,March,1,1,0,69
City Managers Office,1,January,961,564,70.39,13.8
City Managers Office,1,February,1172,564,107.8,9.256968641
City Managers Office,1,March,612,564,8.51,16.98456261
City Managers Office,2,May,444,564,-21.28,17.96244131
City Managers Office,2,April,543,564,-3.72,13.7231405
City Managers Office,2,June,451,564,-20.04,13.32511211
City Managers Office,3,August,353,564,-37.41,13.625
City Managers Office,3,July,553,564,-1.95,14.08639706
City Managers Office,3,September,390,564,-30.85,15.09383378
City Managers Office,4,November,430,564,-23.76,11.74178404
City Managers Office,4,December,435,564,-22.87,15.67517401
City Managers Office,4,October,434,564,-23.05,16
City Planning and Development,1,January,274,294,-6.8,88.76576577
City Planning and Development,1,February,250,294,-14.97,96.71361502
City Planning and Development,1,March,279,294,-5.1,97.936
City Planning and Development,2,May,348,294,18.37,88.12962963
City Planning and Development,2,April,289,294,-1.7,99.51503759
City Planning and Development,2,June,332,294,12.93,86.52
City Planning and Development,3,August,351,294,19.39,92.53184713
City Planning and Development,3,September,323,294,9.86,68.9390681
City Planning and Development,3,July,358,294,21.77,104.5384615
City Planning and Development,4,December,223,294,-24.15,85.95375723
City Planning and Development,4,November,188,294,-36.05,88.4248366
City Planning and Development,4,October,320,294,8.84,81.81923077
Convention and Entertainment Center,1,February,6,2,200,0.833333333
Convention and Entertainment Center,1,January,2,2,0,0.5
Convention and Entertainment Center,1,March,2,2,0,0.5
Convention and Entertainment Center,2,May,1,2,-50,16
Convention and Entertainment Center,3,July,2,2,0,2
Convention and Entertainment Center,3,August,2,2,0,4
Convention and Entertainment Center,4,October,1,2,-50,0
Convention and Entertainment Center,4,November,1,2,-50,0
Finance,1,March,40,33,21.21,16.2
Finance,1,February,29,33,-12.12,9.586206897
Finance,1,January,26,33,-21.21,16.11538462
Finance,2,June,58,33,75.76,18.07017544
Finance,2,April,42,33,27.27,17.26190476
Finance,2,May,67,33,103.03,23.43283582
Finance,3,August,37,33,12.12,6.756756757
Finance,3,September,18,33,-45.45,10.61111111
Finance,3,July,31,33,-6.06,11.38709677
Finance,4,October,23,33,-30.3,17.34782609
Finance,4,December,17,33,-48.48,11.64705882
Finance,4,November,17,33,-48.48,14.23529412
Fire,1,January,19,11,72.73,6.894736842
Fire,1,February,14,11,27.27,11.57142857
Fire,1,March,10,11,-9.09,11.3
Fire,2,April,11,11,0,11.72727273
Fire,2,June,11,11,0,15.45454545
Fire,2,May,8,11,-27.27,28.125
Fire,3,August,9,11,-18.18,5.777777778
Fire,3,September,12,11,9.09,7
Fire,3,July,11,11,0,8.636363636
Fire,4,November,11,11,0,18.6
Fire,4,October,8,11,-27.27,19.5
Fire,4,December,11,11,0,15
General Service,1,January,17,11,54.55,97.6875
General Service,1,February,16,11,45.45,57
General Service,1,March,13,11,18.18,120.4166667
General Service,2,June,8,11,-27.27,95.25
General Service,2,May,21,11,90.91,126.952381
General Service,2,April,10,11,-9.09,59.6
General Service,3,September,12,11,9.09,106.4166667
General Service,3,July,11,11,0,39.27272727
General Service,3,August,14,11,27.27,61
General Service,4,October,6,11,-45.45,168.1666667
General Service,4,November,7,11,-36.36,57.28571429
General Service,4,December,7,11,-36.36,72
Health,1,February,1013,1307,-22.49,10.60774578
Health,1,March,1110,1307,-15.07,8.764545455
Health,1,January,1167,1307,-10.71,11.5396967
Health,2,June,1271,1307,-2.75,12.57176656
Health,2,April,1287,1307,-1.53,7.819078947
Health,2,May,1097,1307,-16.07,14.4630137
Health,3,July,1968,1307,50.57,14.01934827
Health,3,August,1551,1307,18.67,11.50938511
Health,3,September,1455,1307,11.32,13.06955923
Health,4,October,1410,1307,7.88,16.83676366
Health,4,December,1134,1307,-13.24,16.10292813
Health,4,November,1221,1307,-6.58,18.47826087
Human Resources,1,January,1,1,0,10
Information Technology,1,January,1,1,0,159
Information Technology,1,March,1,1,0,NULL
Information Technology,2,May,1,1,0,2
Information Technology,4,December,1,1,0,125
Information Technology,4,October,1,1,0,258
KCPD,1,January,1146,999,14.71,5.456713781
KCPD,1,February,1065,999,6.61,4.322065728
KCPD,1,March,987,999,-1.2,4.197768763
KCPD,2,June,911,999,-8.81,3.291986828
KCPD,2,April,698,999,-30.13,3.676217765
KCPD,2,May,907,999,-9.21,3.51047409
KCPD,3,August,1174,999,17.52,3.024701874
KCPD,3,September,1103,999,10.41,3.768602541
KCPD,3,July,1074,999,7.51,2.837837838
KCPD,4,November,887,999,-11.21,9.127395716
KCPD,4,December,942,999,-5.71,8.520722635
KCPD,4,October,1098,999,9.91,3.451730419
Mayors Office,1,January,2,3,-33.33,7.5
Mayors Office,1,March,3,3,0,82.66666667
Mayors Office,1,February,6,3,100,28
Mayors Office,2,June,6,3,100,202.6666667
Mayors Office,2,April,1,3,-66.67,301
Mayors Office,3,July,7,3,133.33,172.8571429
Mayors Office,3,August,8,3,166.67,169.25
Mayors Office,4,November,1,3,-66.67,38
Mayors Office,4,December,1,3,-66.67,42
Mayors Office,4,October,2,3,-33.33,99.5
Municipal Court,1,March,15,74,-79.73,0.066666667
Municipal Court,1,February,51,74,-31.08,1.058823529
Municipal Court,1,January,70,74,-5.41,0.471428571
Municipal Court,4,December,215,74,190.54,5.562790698
Municipal Court,4,November,20,74,-72.97,2.15
NHS,1,February,19903,18007,10.53,29.80997625
NHS,1,March,18175,18007,0.93,43.3844697
NHS,1,January,28564,18007,58.63,33.8272436
NHS,2,May,20979,18007,16.5,51.68350333
NHS,2,April,16808,18007,-6.66,45.85562339
NHS,2,June,20604,18007,14.42,45.33167496
NHS,3,August,16805,18007,-6.68,48.35067125
NHS,3,July,20563,18007,14.19,42.15417192
NHS,3,September,14719,18007,-18.26,43.21785841
NHS,4,December,12815,18007,-28.83,29.36402518
NHS,4,November,12982,18007,-27.91,27.68868375
NHS,4,October,13175,18007,-26.83,40.33161198
Northeast,2,May,6,4,50,16.33333333
Northeast,2,April,11,4,175,78.33333333
Northeast,2,June,3,4,-25,9.333333333
Northeast,3,July,6,4,50,87.33333333
Northeast,3,August,4,4,0,8
Northeast,3,September,2,4,-50,50.5
Northeast,4,November,1,4,-75,1
Northeast,4,October,2,4,-50,11
Northland,1,February,1024,672,52.38,20.86080948
Northland,1,March,1147,672,70.68,41.60273973
Northland,1,January,821,672,22.17,26.82825822
Northland,2,April,440,672,-34.52,36.84367816
Northland,2,June,644,672,-4.17,20.46583851
Northland,2,May,755,672,12.35,25.10477454
Northland,3,August,727,672,8.18,21.82118294
Northland,3,July,457,672,-31.99,19.38949672
Northland,3,September,599,672,-10.86,25.12374582
Northland,4,December,609,672,-9.38,33.69901316
Northland,4,November,399,672,-40.63,35.93984962
Northland,4,October,444,672,-33.93,20.62837838
Parks and Rec,1,January,2235,2021,10.59,15.78925808
Parks and Rec,1,March,1303,2021,-35.53,13.39174455
Parks and Rec,1,February,968,2021,-52.1,14.74404145
Parks and Rec,2,June,3303,2021,63.43,19.37503787
Parks and Rec,2,April,1554,2021,-23.11,15.00199071
Parks and Rec,2,May,2720,2021,34.59,18.31947
Parks and Rec,3,September,2440,2021,20.73,20.3599014
Parks and Rec,3,July,3174,2021,57.05,16.52380952
Parks and Rec,3,August,3137,2021,55.22,17.02868983
Parks and Rec,4,October,1877,2021,-7.13,19.96264674
Parks and Rec,4,December,765,2021,-62.15,10.30326797
Parks and Rec,4,November,780,2021,-61.41,15.73907455
Public Works,1,January,10351,7342,40.98,15.65168429
Public Works,1,February,11758,7342,60.15,16.17135506
Public Works,1,March,9010,7342,22.72,22.87961405
Public Works,2,April,7710,7342,5.01,31.31530694
Public Works,2,June,7286,7342,-0.76,22.28472988
Public Works,2,May,8186,7342,11.5,27.42038918
Public Works,3,September,5351,7342,-27.12,16.28407595
Public Works,3,July,6623,7342,-9.79,18.53141559
Public Works,3,August,6161,7342,-16.09,15.53273761
Public Works,4,October,5164,7342,-29.66,15.7303721
Public Works,4,December,4512,7342,-38.55,13.79178755
Public Works,4,November,5998,7342,-18.31,11.55776626
South,1,February,8,25,-68,70.57142857
South,1,March,10,25,-60,45.9
South,1,January,20,25,-20,71.5
South,2,April,42,25,68,50.41463415
South,2,June,44,25,76,36.15909091
South,2,May,58,25,132,32.51724138
South,3,August,37,25,48,33.2972973
South,3,July,24,25,-4,58
South,3,September,33,25,32,54.70967742
South,4,October,23,25,-8,51.95652174
South,4,November,4,25,-84,17.25
South,4,December,6,25,-76,9.4
Water Services,1,February,6080,4990,21.84,12.56529915
Water Services,1,March,5112,4990,2.44,13.96985743
Water Services,1,January,6010,4990,20.44,10.26743982
Water Services,2,May,5110,4990,2.4,22.47142857
Water Services,2,June,4595,4990,-7.92,20.02767857
Water Services,2,April,6352,4990,27.29,16.88768936
Water Services,3,September,4196,4990,-15.91,16.58331294
Water Services,3,July,4484,4990,-10.14,16.61991777
Water Services,3,August,4589,4990,-8.04,17.02139991
Water Services,4,November,4015,4990,-19.54,12.25814796
Water Services,4,December,4415,4990,-11.52,11.8198931
Water Services,4,October,4931,4990,-1.18,16.26303713
