﻿Source,total_requests,avg_days_to_close,min_days,max_days,closed_count,closure_rate_pct,closed_within_30_days,pct_closed_within_30_days
PHONE,1204236,47.3,-21,4525,0,0,944255,NULL
WEB  ,211721,54.6,-21,3415,0,0,156821,NULL
EMAIL,80585,46,-21,3478,0,0,61130,NULL
SYS  ,19226,279.8,0,3805,0,0,5168,NULL
INSPE,14690,147.7,0,3566,0,0,5076,NULL
BOT  ,13396,4.4,0,234,0,0,12746,NULL
TWIR ,8311,28.1,-21,2172,0,0,6918,NULL
VOICE,6021,32.1,0,2329,0,0,4939,NULL
WALK ,1792,71.1,0,3329,0,0,1232,NULL
FAX  ,1538,50.6,0,1677,0,0,1098,NULL
KCEPD,590,102.7,0,2381,0,0,356,NULL
EIP  ,347,85.3,0,2982,0,0,193,NULL
MAIL ,323,131.6,0,2333,0,0,176,NULL
EDC  ,228,25.4,0,1059,0,0,199,NULL
CMO  ,59,7.7,0,60,0,0,56,NULL
SPNSH,24,68.8,0,437,0,0,16,NULL
CTI  ,23,95.1,0,476,0,0,12,NULL
KCMPD,12,93.4,0,336,0,0,7,NULL
BIZ  ,12,266.8,0,672,0,0,4,NULL
KCEPS,9,15.9,0,60,0,0,6,NULL
KCSPD,5,10.6,2,21,0,0,5,NULL
