﻿department,work_group,requests,avg_days
NHS,NHS-Neighborhood Preservation-,270111,174.8845993
NHS,NHS-Solid Waste-,237517,8.558974726
NHS,NHS-Animal Health and Safety-,136364,2.388284298
Public Works,Public Works-Solid Waste-,99309,2.914348146
Water Services,Water Services-Meter and Field Services-,85715,12.91009742
Parks and Rec,Parks and Rec-Landscape Services-Forestry,65566,19.84194552
NHS,NHS-Solid Waste-Administration,44346,2.894421143
Public Works,Public Works-Street and Traffic-District 3,40671,22.99695114
Water Services,Water Services-Line Maintenance-Wastewater,39463,33.54091174
Public Works,Public Works-Street and Traffic-Streetlights,38066,2.365785741
KCPD,KCPD-Parking Control-,36345,3.627789242
Public Works,Public Works-Street and Traffic-Snow,30180,11.33687873
Public Works,Public Works-Capital Projects-Signs,29536,16.97183099
Water Services,Water Services-Line Maintenance-Pipeline,25290,121.3213523
Water Services,Water Services-Line Maintenance-Stormwater,24566,18.51673044
Public Works,Public Works-Street and Traffic-District 2,24283,16.90437755
NHS,NHS-Neighborhood Preservation-Open Entry,20387,9.451022711
Public Works,Public Works-Street and Traffic-District 1,19150,28.6921671
Public Works,Public Works-Capital Projects-Traffic Signals,18674,6.08086109
Health,Health-Rat-,16737,13.95495011
